item_pack_name_0	Booster Sale: Cat Food Pack!
item_pack_name_1	Booster Sale: Super Cat Food Pack!
item_pack_name_2	Booster Sale: Uber Cat Food Pack!
item_pack_name_3	Blitz Sale: Special Cat Food Set!
item_pack_name_4	Blitz Sale: Super Cat Food Set!
item_pack_name_5	Blitz Sale: Uber Cat Food Set!
item_pack_name_6	Special Offer: Buy a Rare Ticket!
item_pack_name_7	Special Offer: Platinum Ticket!
item_pack_purchased_title	<flash>%@</flash><br>
item_pack_purchased_item	%@ %d → <color=255,255,0>%d</color><br>
item_pack_purchased_xp	%@ %dXP → <color=255,255,0>%dXP</color><br>
item_pack_purchased_ticket	「%@」 %d → <color=255,255,0>%d</color><br>
battle_result_first_clear_bonus	<color=255,255,0>First Clear Reward</color><br>You got <flash>30 Cat Food!!</flash><br>Cat Energy is also <flash>fully recovered!!</flash>
user_rank_gift_1600_catseye_unlocked	<flash>Raise your Level Cap!</flash><br>Use a Catseye on certain Cats<br>to unlock higher levels for them!
user_rank_gift_no_more	<color=255,255,0>You have unlocked all available rewards<br>for now… More to come soon!</color>
user_rank_popup_title1	<color=255,255,0>User Rank Mission</color><br>
user_rank_popup_title2	<flash>User Rank %d Cleared!</flash><br>
user_rank_popup_title3	Pick up your User Rank Reward?
user_rank_full_recovery_energy	Your Cat Energy<flash> has been refilled!</flash>
data_upload_error_catfood_20000	Data may not be saved, as it appears to have been altered or hacked. Please contact User Support.
energy_connecting	Updating Data…
energy_connection_failed1	Error updating Energy data.
energy_connection_failed2	Please check your connection and try again.
energy_fraud1	Your device time may have been altered.
energy_fraud2	Energy will not recover for a short time.
gamatoto_connection	Updating Data…
gamatoto_connection_failed	Error calculating Expedition time. Check your connection and reboot the app.
gamatoto_fraud	Your device time may have been altered. Energy will not recover for a short time.
reset_item_reward	<color=255,255,0>Reward Availability Restored!</color><br>Previously cleared Rewards are available once again.<br>Complete tasks to receive them again!
reset_tower_state	<color=255,255,0>Rewards/Clear State reset!</color><br>Stage clear conditions have been reset, and<br>rewards are available to collect once again.
reward_energy	Energy Recovery Chance!<br>Watch a video to get %d Energy back?</flash>
receive_energy	%d Energy recovered.
receive_energy_full	All Energy recovered.
network_unavailable_energy	An Energy recovery errror occurred. \n Please connect to a strong network!
network_unavailable_gamatoto	Cat Food total not updated. \n Please connect to a strong network!
001_img044.png	i001_img044_en.png
001_img044.imgcut	i001_img044_en.imgcut
001_img045.png	i001_img045_en.png
001_img045.imgcut	i001_img045_en.imgcut
021_e.png	i021_e_en.png
021_e.imgcut	i021_e_en.imgcut
000_gatya_rare.png	i000_gatya_rare_en.png
000_gatya_rare.imgcut	000_gatya_rare_en.imgcut
000_gatya.png	i000_gatya_en.png
000_gatya.imgcut	000_gatya_en.imgcut
003_gatya_tuika01.png	003_gatya_tuika01_en.png
003_gatya_tuika01.imgcut	003_gatya_tuika01_en.imgcut
002_bank.png	i002_bank_en.png
002_bank.imgcut	002_bank_en.imgcut
slot_copy_select	Units can be copied from Slot %d.<br>Copy or Replace Units?
slot_copy	Units copied from Slot %d.<br>Visit your desired Slot and tap Replace.<br>
slot_paste	This slot will be replaced with Units from Slot %d. <br>Are you sure?
instant_koyashi	5 maxed-out Capsules can be<br>traded for one Rare Ticket.<br>Trade maxed-out Capsules?<br>(Need %d more valid Capsules)
storage_koyashi	All maxed-out Capsules will be traded<br>to receive Rare Ticket(s).<br>Are you sure?<br>
have_koyashi	%d Capsules are valid for Trade.
tutorial_favoriteUnit	Tap the ☆ button to switch between<br>showing only your Favorite units or<br>showing all units you have collected.
tutorial_favoriteUnit_pictureBook1	<color=255,255,0>Setting Your Favorites ①</color><br>Once you have chosen some Favorite<br>Cats, you can tap the "Confirm ☆" button<br>to close the Favorites menu!
tutorial_favoriteUnit_pictureBook2	<color=255,255,0>Setting Your Favorites ②</color><br>You can tap the "☆" button on the Upgrade<br>or Equip menus to display ONLY those<br>Cats you chose as your Favorites!
everyplay_not_supported	This device is not supported.
everyplay_no_related_videos	No related media found.
cat_challenge01	<flash>Welcome to the Catclaw Dojo!</flash><br>A countdown battle with endless enemies.<br>Beat down as many as you can for the top<br>score! (Defeated enemies give no money.)
data_download_error_catfood_20000	Unauthorized Data Manipulation detected. This Save Data may not be transferred to another device. Please contact PONOS support.
cat_challenge_item	Use as many free Speed-Ups and<br>Cat CPUs as you like while fighting<br>in the Catclaw Dojo!
nekodojo_twitter	My Battle Cats scored %d pts. in the Catclaw Dojo: %@!\n%@
nekodojo_facebook	My Battle Cats scored %d pts. in the Catclaw Dojo: %@!\n%@
zombie_clear00	<flash>Outbreak Area: SECURED</flash><br>Received 10 Cat Food!
zombie_clear01	<flash>Quarantine Zone Secured!</flash><br>%@ Treasure Drop Rate increased!
zombie_clear02	<flash>All Quarantine Zones are secured!</flash><br>Max Energy increased by %d!
zombie_area_00	East Asia QZ 
zombie_area_01	Indian Ocean QZ
zombie_area_02	Himalaya-Rift QZ
zombie_area_03	Afro-Mediterranean QZ 
zombie_area_04	Alps QZ 
zombie_area_05	West Europe QZ 
zombie_area_06	North Atlantic QZ 
zombie_area_07	East Americas QZ
zombie_area_08	Pacific QZ
zombie_area_09	Fairbanks QZ
zombie_area_10	Mauna Kea QZ
receivedBoxText	Items not claimed within 30 days will be disabled.
receive_version_error	Update to the most recent version<br>before accepting your item rewards.
receive_network_error	Connection Error<br>Items could not be receieved.
receive_item_popup	%d %@(s)
receive_item_popup_xp	%d %@(s)
receive_item_popup_chara	Cat Unit: %@
receive_item_popup_chara_evolve	True Form: %@
receive_item_popup_last	received!
zombie_treasure	Quarantine Zone Secured!<br>%@ Treasure Drop Rate increased!
receive_list_network_error	Cannot display due to<br>connection error.
receive_item_none_popup	You currently have no items <br>available for collection.
serial_error_popup	Cannot receive items.<br>If you believe there is an error<br>please contact User Support.
ponos_games_url	https://ponos.s3.amazonaws.com/iphone/en/battlecats.html
zombie_comp	Quarantine Zone Secured!<br>%@ Treasure Drop Rate increased!<br>The world is safe from the Zombie invasion!<br>Max Energy has been increased!
maxcollab_mg	Collab Units unavailable outside of the Collab event period.
maxcollab_popup	<flash>You got a Special Cat: "%@"!</flash><br>Activate it at the Upgrade menu!
slot_set_error	<color=255,255,0>You have no Cat Units selected for your Army!</color>
shop_category1	Battle Items
shop_category2	XP
shop_category3	GAMATOTO
collabo_send_message	You got a reward usable in "%@"!<br>Launch the "%@" app?
collabo_send_title_0	
collabo_send_scheme_0	
collabo_send_url_0	
collabo_send_url_android_0	
collabo_send_title_1	
collabo_send_scheme_1	
collabo_send_url_1	
collabo_send_url_android_1	
collabo_send_title_2	
collabo_send_scheme_2	
collabo_send_url_2	
collabo_send_url_android_2	
collabo_send_title_3	
collabo_send_scheme_3	
collabo_send_url_3	
collabo_send_url_android_3	
collabo_send_title_4	
collabo_send_scheme_4	
collabo_send_url_4	
collabo_send_url_android_4	
collabo_send_title_5	
collabo_send_scheme_5	
collabo_send_url_5	
collabo_send_url_android_5	
collabo_send_title_14	
collabo_send_scheme_14	
collabo_send_url_14	
collabo_send_url_android_14	
collabo_send_title_6	
collabo_send_scheme_6	
collabo_send_url_6	
collabo_send_url_android_6	
collabo_send_title_15	
collabo_send_scheme_15	
collabo_send_url_15	
collabo_send_url_android_15	
collabo_send_title_16	
collabo_send_scheme_16	
collabo_send_url_16	
collabo_send_url_android_16	
collabo_send_title_7	
collabo_send_scheme_7	
collabo_send_url_7	
collabo_send_url_android_7	
collabo_send_title_8	
collabo_send_scheme_8	
collabo_send_url_8	
collabo_send_url_android_8	
collabo_send_title_9	
collabo_send_scheme_9	
collabo_send_url_9	
collabo_send_url_android_9	
collabo_send_title_10	
collabo_send_scheme_10	
collabo_send_url_10	
collabo_send_url_android_10	
collabo_send_title_11	
collabo_send_scheme_11	
collabo_send_url_11	
collabo_send_url_android_11	
collabo_send_title_12	Crash Fever
collabo_send_scheme_12	com.wonderplanet.crashfever://Nyanko?code=001
collabo_send_url_12	https://itunes.apple.com/us/app/crash-fever/id1146722894?ls=1&mt=8
collabo_send_url_android_12	https://play.google.com/store/apps/details?id=com.wonderplanet.CrashFever
collabo_send_title_13	Crash Fever
collabo_send_scheme_13	com.wonderplanet.crashfever://Nyanko?code=002
collabo_send_url_13	https://itunes.apple.com/us/app/crash-fever/id1146722894?ls=1&mt=8
collabo_send_url_android_13	https://play.google.com/store/apps/details?id=com.wonderplanet.CrashFever
scheme_item_param_0	
scheme_popup_0	<flash>%@ %@(s)</flash><br>Enjoy these collab event rewards!
scheme_item_param_1	
scheme_popup_1	<flash>%@ %@(s)</flash><br>Enjoy these collab event rewards!
scheme_item_param_2	
scheme_popup_2	<flash>You got a Special Cat: "%@"!</flash><br>Get it at the Upgrade menu!
scheme_item_param_3	
scheme_popup_3	<flash>You got a Special Cat: "%@"!</flash>
scheme_popup_3_option	<flash>You got a Special Cat: "%@"!</flash><br>Get it at the Upgrade menu!
scheme_popup_3_option_get	Reward successfully received!<br>Check it out at the Upgrade menu!
scheme_item_param_4	crashfever1-en
scheme_popup_4	<flash>You got a Special Cat: "%@"!</flash>
scheme_item_param_5	crashfever2-en
scheme_popup_5	<flash>%@%@</flash><br>Enjoy these collab event rewards!
scheme_item_param_6	crashfever3-en
scheme_popup_6	<flash>%@ %@(s)</flash><br>Enjoy these collab event rewards!
scheme_item_param_7	
scheme_popup_7	<flash><br></flash>
scheme_item_param_8	shoumetsu1
scheme_popup_8	<flash>You got a Special Cat: "%@"!</flash>
scheme_item_param_9	shoumetsu1
scheme_popup_9	<flash>%@ %@(s)</flash><br><flash>%@ %@(s)</flash><br>Enjoy these collab event rewards!
scheme_item_param_10	shoumetsu2
scheme_popup_10	<flash>%@ %@</flash><br><flash>%@ %@(s)</flash><br>Enjoy these collab event rewards!
scheme_item_param_11	shoumetsu3
scheme_popup_11	<flash>%@ %@(s)</flash><br>Enjoy these collab event rewards!
scheme_item_param_12	merc1
scheme_popup_12	<flash>You got a Special Cat: "%@"!</flash>
scheme_item_param_16	
scheme_popup_16	<flash></flash><br>
scheme_item_param_17	
scheme_popup_17	<flash></flash><br>
scheme_item_param_18	
scheme_popup_18	<flash></flash>
scheme_application_url_18	
scheme_store_ios_18	
scheme_store_android_18	
scheme_item_param_13	/kerihime_get_2017.html
scheme_popup_13	<flash>You got a Special Cat: "%@"!</flash>
scheme_item_param_14	/kerihime_get_2017.html
scheme_popup_14	<flash>%@ %@(s)</flash><br>Enjoy these collab event rewards!
scheme_item_param_15	/namesuta_get_2017.html
scheme_popup_15	<flash>You got a Special Cat: "%@"!</flash>
scheme_popup_browser	Enjoy these event rewards!<br>Receive your gifts at the Cat Base!
scheme_popup_browser_get	Event rewards successfully received!
rarity_name_1	Normal
rarity_name_2	Special
rarity_name_3	Rare
rarity_name_4	Super Rare
rarity_name_5	Uber Rare
unlock_popup_message_0	<flash>The Treasure menu has been unlocked!</flash><br>Get Cat Treasures to activate<br>Cat Treasure Bonuses!
unlock_popup_message_1	<flash>The Upgrade screen has been unlocked!</flash><br>Tap "Upgrade" at the Cat Base to check it out!<br><br>Unlock Cat units and power up before battle!
unlock_popup_message_2	<flash>The Encyclopedia has been unlocked!</flash><br>You can read about all of the enemies<br>you've encountered here.
unlock_popup_message_3	<flash>The Item Shop is now open!</flash><br>You can buy many<br>useful items to use in battle here!<br>
unlock_popup_message_4	<flash>You unlocked the Cat Seeker!</flash><br>Filter through and inspect all <br>Cats you've picked up!
unlock_popup_message_5	<flash>GAMATOTO has been unlocked!</flash><br>Send them out on Expeditions<br>to collect various item rewards!
unlock_popup_message_6	<flash>New Items added to the store!</flash><br>Buy Catamins to shorten the<br>GAMATOTO Expedition!
unlock_popup_message_7	<flash>Raise your Level Cap!</flash><br>Use a Catseye on certain Cats<br>to unlock higher levels for them!<br>Can use them on level 30 Cats!
unlock_popup_message_8	<flash>A new event stage has been released!</flash><br>You can access it from the Title Screen
unlock_popup_message_9	<flash>A new chapter for "Empire of Cats" is available!</flash><br>Select "Empire of Cats" from the title screen<br>to take on new, challenging stages!
unlock_popup_message_10	<flash>A new chapter for "Empire of Cats" is available!</flash><br>Select "Empire of Cats" from the title screen<br>to take on new, challenging stages!
unlock_popup_message_11	<flash>Challenge Battle unlocked!</flash><br>You can access it from the Main Menu.<br>You can now switch between Cat classes<br>using the Switch Class button!
unlock_popup_message_12	<flash>Cat Capsule Machine has been unlocked!</flash><br>You can access it from the Cat Base.
unlock_popup_message_13	<flash>新キャラメッセージ</flash>
unlock_popup_message_14	<flash>Clear Bonus!</flash><br>Special Cat [Bean Cats] unlocked!<br>Activate it at the Upgrade menu.
unlock_popup_message_15	<flash>All Clear Bonus!</flash><br>You got 「Moneko」!<br>Activate it at the Upgrade menu.
unlock_popup_message_16	<flash>The Stories of Legend has been unlocked!</flash><br>Regular event stages can also be<br>accessed from Stories of Legend!
unlock_popup_message_17	<flash>A new adventure has appeared!</flash><br>Select "Into the Future" from the title screen<br>to take on this fresh challenge!
unlock_popup_message_18	<flash>All Filter enabled!</flash><br>You can see all capsules in your Storage.<br>Visit the Upgrade menu and have a look!
unlock_popup_message_19	<flash>The Organize menu has been unlocked!</flash><br>You can now organize the Cats you want<br>to bring into battle.
unlock_popup_message_20	<flash>Battle Formations increased!</flash><br>Up to three formations may now be<br>readied by visiting the Equip screen.
unlock_popup_message_21	<flash>User Rank unlocked!</flash><br>Reach the goal rank to acquire rewards!<br>Rank is determined by total Upgrade score.
unlock_popup_message_22	<flash>CatCombo unlocked!</flash><br>Arrange your units to unlock a power bonus!<br>Visit the Combo List menu for more info!
unlock_popup_message_23	<flash>The Catclaw Dojo is now open!</flash><br>Select the Catclaw Dojo option from the title<br>menu to test your Cats' power and skill!
unlock_popup_message_24	<flash>All Clear Bonus!</flash><br>A new CatCombo has been unlocked!<br>Visit the Combo List menu for more<br>information on your new skill.
unlock_popup_message_25	<flash>A new chapter of the Future saga is here!</flash><br>Select "Into the Future" from the title screen<br>to take on this fresh challenge!
unlock_popup_message_26	<flash>A new chapter of the Future saga is here!</flash><br>Select "Into the Future" from the title screen<br>to take on this fresh challenge!
unlock_popup_message_27	<flash>All Clear Bonus!</flash><br>Special Character:<br>You unlocked Valkyrie Cat's True Form!<br>Evolve her at level 20 to use it!
unlock_popup_message_28	<flash>All Clear Bonus!</flash><br>A new CatCombo has been unlocked!<br>Visit the Combo List menu for more<br>information on your new skill.
unlock_popup_message_29	<flash>All Clear Bonus!</flash><br>Special Character:<br>You unlocked Bahamut Cat's True Form!<br>Evolve him at level 20 to use it!
unlock_popup_message_30	<flash>All Clear Bonus!</flash><br>A new CatCombo has been unlocked!<br>Visit the Combo List menu for more<br>information on your new skill.
unlock_popup_message_31	<flash>Catfruit Storage unlocked!</flash><br>View the Catfruit and Seeds<br>you've collected so far!
unlock_popup_message_32	<flash>You can now record and share your battles!</flash><br>Choose to Auto-Record your epic fights at<br>the Settings menu by tapping the ON button.<br>Recording auto-stops once the battle ends.
unlock_popup_message_33	<flash>You can now watch others' play videos!</flash><br>Visit the Settings menu from the Title Screen<br>to search for and view Battle Cats media.
unlock_popup_message_34	<flash>The level cap has been increased!</flash><br>Your Cats can become even<br>more powerful now!
unlock_popup_message_35	<flash>There is a new Cat</flash><br>waiting to be upgraded!
unlock_popup_message_36	<flash>There is a new Cat</flash><br>waiting to be upgraded!
unlock_popup_message_37	<flash>There is a new Cat</flash><br>waiting to be upgraded!
unlock_popup_message_38	<flash>There is a new Cat</flash><br>waiting to be upgraded!
unlock_popup_message_39	<flash>There is a new Cat</flash><br>waiting to be upgraded!
unlock_popup_message_40	<flash>There is a new Cat</flash><br>waiting to be upgraded!
unlock_popup_message_41	<flash>There is a new Cat</flash><br>waiting to be upgraded!
unlock_popup_message_42	<flash>There is a new Cat</flash><br>waiting to be upgraded!
unlock_popup_message_43	<flash>There is a new Cat</flash><br>waiting to be upgraded!
unlock_popup_message_44	<flash>There is a new Cat</flash><br>waiting to be upgraded!
unlock_popup_message_45	<flash>There is a new Cat</flash><br>waiting to be upgraded!
unlock_popup_message_46	<flash>There is a new Cat</flash><br>waiting to be upgraded!
unlock_popup_message_47	<flash>There is a new Cat</flash><br>waiting to be upgraded!
unlock_popup_message_48	<flash>There is a new Cat</flash><br>waiting to be upgraded!
unlock_popup_message_49	<flash>All Clear Bonus!</flash><br>You got %@!<br>Unlock it at the Upgrade menu!
unlock_popup_message_50	<flash>All Clear Bonus!</flash><br>You got %@!<br>Unlock it at the Upgrade menu!
unlock_popup_message_51	<flash>Clear Bonus!</flash><br>You got 「%@」!<br>Unlock it at the Upgrade menu!
unlock_popup_message_52	<flash>Clear Bonus!</flash><br>You got 「%@」!<br>Unlock it at the Upgrade menu!
unlock_popup_message_53	<flash>All Clear Bonus!</flash><br>Special Unit:<br>%@'s True form acquired!<br>Evolve after reaching Level 20!
unlock_popup_message_54	<flash>All Clear Bonus!</flash><br>Special Unit:<br>%@'s True form acquired!<br>Evolve after reaching Level 20!
unlock_popup_message_55	<flash>Ototo Corps has been unlocked!</flash><br>Build and enhance your Cat Base<br>and its Cat Cannon abilities!<br>Check it out at the Gamatoto menu!
unlock_popup_message_56	<flash>Catnip Challenges are now available!</flash><br>Complete various missions to<br>receive awesome rewards!
unlock_popup_message_57	<flash>"Cats of the Cosmos" is now available!</flash><br>Select this chapter from the Title Menu<br>and challenge strange new adventures!
unlock_popup_message_58	<flash>Completion Bonus!</flash><br>You've earned the blessing of Cat God!<br>Tap Cat God to use a special miracle<br>in any Story Mode battle!
unlock_popup_message_59	<flash>Cats of the Cosmos CLEARED!</flash><br>A new chapter will appear soon,<br>so look out for new updates!
Castle_Tutorial00	<flash>Welcome to the Ototo Corps!</flash><br>Change the look of your Cat Base<br>and enhance it's combat abilities!
Castle_Tutorial01	Tap the Chief Engineer to start!<br>Select a blueprint to start building!
Castle_Tutorial02	Tap "Change" to select a new<br>style for your Cat Base!
Castle_part00	Foundation
Castle_part01	Style
Castle_part02	Effect
Castle_dev_finish00	<flash>Base enhancement complete!</flash>
Castle_dev_finish01	<flash>%@'s %@ built!</flash>
Castle_dev_finish02	<flash>%@ has been enhanced!</flash>
Castle_lock00	To build up your Cat Base,<br>Cannon Power ・ Cannon Range ・ Cannon Charge<br>must all be powered up to Level 10.
Castle_lock01	This upgrade first requires<br>%@<br>before it can be built.
Castle_lock02	Building this upgrade requires<br>%@ to be built first.
Castle_lock03	Not enough materials...<br>※Collect materials from Stories of Legend.
Castle_lock03a	Not enough Engineers.<br>※Recruit Engineers from Gamatoto expeditions.
Castle_lock04	Max level achieved!<br>No further upgrades are possible<br>in the current version of the game.
Castle_lock05	You must clear<br>%@<br>to strengthen this part further.
Castle_researcher	Recruited to the Ototo Engineer Corps.<br>Can only be used for one project.
Castle_dev_suspend	Cancel this project?<br>Engineers/Materials will not be recovered!
Castle_researcher_name00	Engineer #%d
Castle_researcher_name01	Engineer
Castle_researcher_counter	Current Engineers: 
Castle_researcher_desc	Assistants to the Cat Base's Chief Engineer.<br>※Leaves forever after project cancellation.
Castle_dev_start00	Base Enhancement will begin.
Castle_dev_start01	Develop %@'s %@?
Castle_dev_start02	Enhance %@?
Castle_material_drop00	<flash>Material found!</flash><br>
Castle_material_drop01	 ×
Castle_researcher_get	I found an %@!
Castle_UnlockDataId_1	Rank 600 and a completed Slow Beam
Castle_UnlockDataId_2	Rank 900 and a completed Iron Wall
Castle_UnlockDataId_3	Rank 900 and a completed Thunderbolt
Castle_UnlockDataId_4	Cat Cannon Power Lv. 20 and Charge Lv. 20
local_notification_custom	Cat Base developed!
Castle_AutoChange	All parts changed!!
Castle_shoter00	Use %@?,Project time will be shortened by %d hours.
Castle_shoter01	Project time shortened by , hours!
castle_connection_failed	Failed to confirm remaining project time. Check your network connection!
castle_fraud	Device time may have changed. Do not make further changes to your clock.
beacon_event_date	開催期間: %d年%d月%d日～%d年%d月%d日まで
beacon_event_before	にゃんこビーコンのイベントは<br>現在、開催してないにゃ
beacon_event_held	にゃんこビーコン電波を<br>検索してるにゃ～
beacon_event_held2	イベント報酬を受け取ると<br>取得済マークがつくにゃ
beacon_bluetooth_off	にゃんこビーコン受信するなら<br>Bluetoothをオンにして<br>ほしいにゃ～
beacon_location_off	にゃんこビーコン受信するなら<br>位置情報の利用を許可して<br>ほしいにゃ～
beacon_location_authorization	にゃんこビーコン受信するなら<br>位置情報の利用を許可して<br>ほしいにゃ～
beacon_pushinfo_off	にゃんこビーコン受信するなら<br>プッシュ通知設定をオンにするにゃ
beacon_wifi_off	にゃんこビーコン受信するなら<br>Wi-Fiをオンにするにゃ
beacon_reward_before	にゃんこビーコン報酬はまだ取得していません
beacon_reward_received	にゃんこビーコン報酬は受け取り済みです
beacon_event_2017520	京都みやこめっせで記念キャラを取得しよう！<br>5/20～5/21に開催されるBitSummit2017会場の<br>にゃんこブースに訪問すれば<br>記念キャラ「ネコまねき」を取得可能！<br>※にゃんこビーコン受信設定が必要です<br>※詳細はバナーをタップ！
beacon_unsupported_device	この端末/OSバージョンには対応していません
not_enough_space_left_on_device	Download failed due to lack of disk space.
ranking_description	<flash>Ranked Stages</flash><br>Raise your rank by achieving higher scores!<br>※Network connection is required to play this stage.<br>※Ranking & Score will reset at the end of the event.
ranking_unauthorized	Not enough Cat Food...<br>Cat Food is required to challenge this stage.
ranking_suspend	Leave the battle?<br>Cat Food will not be returned once stage begins.
ranking_error01	Failed to connect to Ranking servers.
ranking_default	―
ranking_title01	Grandmaster
ranking_title02	Master
ranking_title03	Expert
ranking_title04	Adept
ranking_title05	Disciple
ranking_title06	Initiate
ranking_title07	Trainee
ranking_resultcomment	<flash>Current Ranking: Top %d％</flash><br> You will achieve "%@" rank!
ranking_start	<flash>Dojo Ranking ON NOW!</flash><br>(Ranking Period: %d/%02d/%02d ～ %d/%02d/%02d)<br>Take on other players in the Ranked Stages!<br>Earn rewards for your score when the event ends!
ranking_announce01	<flash>Ranking Event Results</flash><br>(Ranking Period: %d/%02d/%02d ～ %d/%02d/%02d)<br>Current Ranking: Top %d％<br>Claim your rewards at the Mailbox!<br>(Unclaimed rewards expire after 1 month)
ranking_announce02	<flash>Dojo Rankings Announced:</flash><br>(Event Open: %d/%02d/%02d ~ %d/%02d/%02d)<br>Final Result: Top %d!<br>No rewards earned... <br>Better luck next time!
ranking_no_reward	None
urguerrilla_warning00	One chance only! Prepare yourself!<br>No limit on tries until you clear the stage!
mission_receive_achieved	<flash>Mission accomplished!</flash>
mission_receive_item	<color=255,255,0>Reward: %d %@(s)</color>
mission_receive_item_xp	<color=255,255,0>Reward: +%d %@(s)</color>
mission_receive_item_chara	<color=255,255,0>Cat Unit Reward: "%@"</color>
mission_receive_item_chara_evolve	<color=255,255,0>True Form Reward: "%@"</color>
everyplay_mapname_E	Special Stage
everyplay_mapname_N	Stories of Legend
everyplay_mapname_S	Special Stages
everyplay_mapname_C	Collaborations
everyplay_mapname_T	Catclaw Dojo
everyplay_mapname_V	Special Stages
everyplay_mapname_J	Empire of Cats Ch.%d
everyplay_mapname_W	Into the Future Ch.%d
everyplay_mapname_P	Cats of the Cosmos Ch. %d
everyplay_mapname_Z	(Zombie)
tower_twitter	My Battle Cats reached %@ of the Heavenly Tower!
tower_facebook	My Battle Cats reached %@ of the Heavenly Tower! \n%@
lang	en
network_unavailable	Cannot access the Network
connecting	Connecting…
error	Error encountered
gamecenter_noauth	Please log in into Game Center.
purchase_unavailable	Purchases not enabled. Please enable in app purchase in the Settings app under Restrictions.
purchase_failed	Purchase failed
purchase_verifying	Confirming purchase...
disconnected	Disconnected
invalid_data_received	Invalid data received
nekokan_bonus_msg	<span class='kakoi2'>Save %d!!</span>
Copied_txt	Copied to Clipboard
err_txt	Data Read Error
err_v_txt	The version of this game\ndoes not support\nthe save data to be transferred.\nPlease update the game\nbefore proceeding\nby tapping "Update".
nyanko_url	https://itunes.apple.com/us/app/the-battle-cats/id850057092?l=en&ls=1&mt=8
nyanko_update	Update
catfoodbuy_txt	Purchase Successful!
catfoodtapjoy_txt	You got %d\nFree Cat Food!
adreward_txt	%@ +%d\nreceived!
network_unavailable_energy	Energy not updated.\nCheck your network!
network_unavailable_gamatoto	Cat Food not updated.\nCheck your network!
facebook_txt1	My Battle Cats conquered %@!\n%@
twitter_txt1	My Battle Cats conquered %@!
twitter_hash	#battlecats
yes_txt	Yes
no_txt	No
Rank_txt0	User Rank
Rank_txt1	The combined point value of your Unit and Item
Rank_txt2	scores will determine your User Rank!
Rank_txt3	Clearing a certain User Rank will earn you
Rank_txt4	special in-game bonuses and rewards!
downloading	Downloading.
download_wrn_cellular	No Wi-Fi connection detected.\n※Cellular data will be used instead.\nPlease be aware that data may incur additional fees.
download_err	Download has failed.\nCheck your network.
download_retry	Retry
warning_text1	"The Battle Cats" is completely free to play,
warning_text2	However, please be aware that there is paid content.
url_err	The version of your game does not support this functionality. Please update.
sign_in	Sign In
sign_out	Sign Out
model_conversion	Save Data
notice	Push Msg
push_on	ON
push_off	OFF
local_push	Push Msg.
local_notification	Your Cat Energy is Full!
local_notification_expedition	GAMATOTO has returned!
google_1	Loading
google_2	Saving
google_3	Receiving
nyanko_storage	Sent to %d Cat storage
settle_nyanko	You have %d of this.
boss_hp	Boss HP:
clear_1	First clear bonus! 
clear_2	30 Cat Food!
pause_1	There is currently a battle in progress.
pause_2	Do you want to continue this battle?
ok_txt	OK
evolveWarningText0	Levels
evolveWarningText1	XP
evolveWarningText2	Catfruit
evolveWarningText3	Need more 
evolveWarningText4	/
gamatotoReward_1	Cat Food discovered!
gamatotoReward_1_1	Item Pack discovered!
gamatotoReward_2	Watch an ad to dig it up!
gamatotoReward_3	Start digging?
beginnerPack1_Title	$4.99 Start-Up Pack Purchased!
beginnerPack2_Title	$11.99 Start-Up Pack Purchased!
beginnerPack3_Title	$29.99 Start-Up Pack Purchased!
rankupSale1_Title	What a deal! 160 Cat Food bought!
rankupSale2_Title	What a deal! 150,000XP bought!
rankupSale3_Title	What a deal! Big item set bought!
beginnerPack1	Cat Food %d→ 
beginnerPack2	XP %d → 
beginnerPack3	Treasure Radar %d→ 
beginnerPack4	Rich Cat %d→ 
beginnerPack5	Cat Jobs %d→ 
beginnerPack6	Sniper the Cat %d→ 
beginnerPack1_result	%d
beginnerPack2_result	%d
beginnerPack3_result	%d
beginnerPack4_result	%d
beginnerPack5_result	%d
beginnerPack6_result	%d
rankupSale1	Cat Food %d→ 
rankupSale2	XP %d → 
rankupSale3	Speed Up %d→ 
rankupSale4	Treasure Radar %d→ 
rankupSale5	Cat CPU %d→ 
rankupSale1_result	%d
rankupSale2_result	%d
rankupSale3_result	%d
rankupSale4_result	%d
rankupSale5_result	%d
tapjoy_video_error	Media Playback error. Check your network connection.
line_appli_url	https://itunes.apple.com/app/line/id443904275?mt=8
line_message	I'm conquering the world with The Battle Cats! Play for free!
serial_txt1	Serial Code input successful!\nConfirm your reward by tapping the "Mailbox" button on the Title Screen.
serial_txt2	* You can access this after clearing the Japan stage.
serial_txt3	* You must be logged into the Game Center to receive your gift.
serial_txt4	* This serial code for an unaccepted gift is now invalid.\nPlease confirm details on the Code Input menu.
warningtxt1	This app has been restored to original\nsettings - no save data found.
autoSave_txt1	Inquiry Code\n%@\nThis code is required to recover your data.\nBe sure to keep it safely recorded!
autoSave_txt2	Inquiry Code: %@
autoSave_txt3	Please record and save your inquiry code!
autoSave_txt4	Without this information, your progress cannot be recovered if lost.
autoSave_txt5	Inquiry Code
autoSave_txt6	Record and save this number to prevent data loss!
collaboration_txt1	Collab Gifts: %d!
collaboration_txt2	You got a Collab Gift!
nyancombo_txt1	Tap to View Unit Name
nyancombo_txt2	[Normal]
nyancombo_txt3	[Special]
nyancombo_txt4	[Rare]
nyancombo_txt5	[Super Rare]
nyancombo_txt6	[Uber Rare]
nyancombo_txt7	[Legendary]
nyancombo_txt8	???
nyancombo_txt9	 ？？？？？
nyancombo_txt10	Put the right units in the top slot to unlock special skills!
nyancombo_txt11	Double-tap used CatCombo names to auto-set the units!
nyancombo_pop0	All "%@" units will
nyancombo_pop1	be set in the battle formation.
nyancombo_pop2	Confirm?"
pictureBook1	CatCombo: %@
pictureBook2	Use the hint to activate this Combo!
picBook_getCatFood1	Unlocked %@!
picBook_getCatFood2	You got 5 Cat Food!
picBook_filteringMiss1	No Units match these Filter
picBook_filteringMiss2	conditions! Try another search!
picBook_Rarity0	Normal
picBook_Rarity1	Special
picBook_Rarity2	Rare
picBook_Rarity3	Super Rare
picBook_Rarity4	Uber Super Rare
picBook_Rarity5	Legendary
gamestop	The current Save Data is in violation of\nthe Battle Cats' Software License Agreement.\nGame may not be continued on this save file.
daily_login_date	Day %d
filter_err1	No Units match these Filter
filter_err2	conditions! Try another search!
exstage_text1	Special stage: "%@" unlocked!
exstage_text2	Take the challenge?
exstage_text3	Currently used items will not carry over to this stage.
unit_evol_0	f
unit_evol_1	c
unit_evol_2	s
unit_evol_3	u
img001.png	img001_en.png
img001.imgcut	img001_en.imgcut
img002.png	img002_en.png
img002.imgcut	img002_en.imgcut
img004.png	img004_en.png
img004.imgcut	img004_en.imgcut
img006.png	img006_en.png
img006.imgcut	img006_en.imgcut
img008.png	img008_en.png
img008.imgcut	img008_en.imgcut
img009.png	img009_en.png
img009.imgcut	img009_en.imgcut
img010.png	img010_en.png
img010.imgcut	img010_en.imgcut
img011.png	img011_en.png
img011.imgcut	img011_en.imgcut
img012.png	img012_en.png
img012.imgcut	img012_en.imgcut
img019.png	img019_en.png
img019.imgcut	img019_en.imgcut
img022.png	img022_en.png
img022.imgcut	img022_en.imgcut
img023.png	img023_en.png
img023.imgcut	img023_en.imgcut
img024.png	img024_en.png
img024.imgcut	img024_en.imgcut
img027.png	img027_en.png
img027.imgcut	img027_en.imgcut
img028.png	img028_en.png
img028.imgcut	img028_en.imgcut
img029.png	img029_en.png
img029.imgcut	img029_en.imgcut
img031.png	img031_en.png
img031.imgcut	img031_en.imgcut
img033.png	img033_en.png
img033.imgcut	img033_en.imgcut
img037.png	img037_en.png
img037.imgcut	img037_en.imgcut
img041.png	img041_en.png
img041.imgcut	img041_en.imgcut
img100.png	img100_en.png
img100.imgcut	img100_en.imgcut
item000.png	item000_en.png
ec047.png	ec047_en.png
ec047.imgcut	ec047_en.imgcut
ec048.png	ec048_en.png
ec048.imgcut	ec048_en.imgcut
nyancombo_autoset1	"%@" Units will be<br>set in the battle formation.<br>Is this OK?
nyancombo_autoset2	"%@" Units will be<br>set in the battle formation.<br><color=255,0,0>Cats currently in formation will be replaced.<br>Is this OK?</color>
nyancombo_autoset3	Some Cats must be evolved before<br>"%@" can be placed in formation.<br>※Confirm your Cat's current evolutions!
challenge_twitter	My Battle Cats scored %d pts. at %@ in Challenge Battle! 
challenge_facebook	My Battle Cats scored %d pts. at %@ in Challenge Battle!\n %@
challenge_popup	Welcome to Challenge Battle!<br>Earn higher scores by defeating all enemies as fast as you can!<br>Try as many times as you like to reach the highest ranks!<br>※No items can be used in these stages.
everyplay_mapname_M	Special Stages
everyplay_mapname_R	Ranked Stages
ranking_twitter	My Battle Cats scored %d pts. at %@ in Ranked Stages! %@
ranking_facebook	My Battle Cats scored %d pts. at %@ in Ranked Stages! \n %@
item_pack_name_11	Buy the Starter Platinum Pack!
stage_restriction_dot	・
stage_restriction_cost_over	Only %d￠ or more
stage_restriction_cost_under	Only %d￠ or less
stage_restriction_cost_just	Only %d￠
stage_restriction_limit_1	Rarity: Only <color=255,255,0>%@</color>
stage_restriction_limit_2	Max # of Deployable Cats: <color=255,255,0>%d</color>
stage_restriction_limit_3	Deploy from Row <color=255,255,0>%d only</color>
stage_restriction_limit_4	Cat Deploy Cost: <color=255,255,0>%@</color>
stage_restriction_text_0	Battle Restriction
stage_restriction_text_1	This formation does not meet conditions!
stage_restriction_warning	This unit cannot be deployed!
stage_restriction_level_select	<color=255,255,0>Battle Restrictions</color>
review1	If you like "The Battle Cats",\nPlease Rate it! Thanks!
review2	Rate Now
review3	Maybe later
review4	No, Thanks
appLovin_error0_txt	No video found.
appLovin_error1_txt	Please try again.
appLovin_error2_txt	Please check your network connection and try again.
appLovin_error3_txt	Please check your available memory and try again.
facebook_txt2	Achieved the brilliant feat of winning a CHALLENGE in The Battle Cats!!
facebook_txt3	I recommend this app!\\n*Invite code\\:「%@」※You can enter the code after finishing stage 7 \\(Japan\\).\\n%@
facebook_txt4	Weirdly Cute Cats on the Rampage in the Smash Hit Game "The Battle Cats"! 10,000 Bonus XP ACQUIRED!\\nBean Cats Invite Code: 「%@」\\n※You can enter the code after finishing stage 7 (Japan).
twitter_txt2	Achieved the brilliant feat of winning a CHALLENGE in The Battle Cats!!
twitter_txt3	I recommend this app!\n*Invite code:「%@」※You can enter the code after finishing stage 7 (Japan).
twitter_txt4	Weirdly Cute Cats on the Rampage in the Smash Hit Game "The Battle Cats"! Get a bonus 10,000 XP by inputting an invitation code!\nBean Cats Invite Code: 「%@」\n※You can enter the code after finishing stage 7 (Japan).
line_txt1	Achieved the brilliant feat of winning Challenge mode in The Battle Cats!!\\nAwesome app! Get 10,000XP for invite code!\\n*Invite code:「%@」※You can enter the code after finishing stage 7 (Japan).\\n%@
line_txt2	Achieved the brilliant feat of winning Challenge mode in The Battle Cats!!\nAwesome app! Get 10,000XP for invite code!\n*Invite code:「%@」※You can enter the code after finishing stage 7 (Japan).\n%@
line_txt3	Fall in love with the twisted hilarity of "The Battle Cats"!\nMoneko Invite Code:「%@」※You can enter the code after finishing stage 7 (Japan).\n%@
line_txt4	Fall in love with the twisted hilarity of "The Battle Cats"!\nBean Cats Invite Code:「%@」※You can enter the code after finishing stage 7 (Japan).\n%@
kakao_txt1	dummy
kakao_txt2	dummy
kakao_txt3	dummy
err_txt1	Unauthorized activity (A) detected.
err_txt2	Unauthorized activity (B) detected.
err_txt3	Unauthorized activity (C) detected.
err_txt4	Unauthorized activity (D) detected.
err_txt5	Unauthorized activity (E) detected.
err_txt6	Unauthorized activity (F) detected.
kerihime_txt1	dummy
kerihime_txt2	dummy
kerihime_txt3	dummy
kerihime_txt4	dummy
kerihime_txt5	dummy
kerihime_txt6	dummy
kerihime_txt7	dummy
kerihime_txt8	dummy
kerihime_txt9	dummy
kerihime_txt11	dummy
kerihime_txt12	dummy
kerihime_txt13	dummy
kerihime_txt21	dummy
kerihime_txt22	dummy
kerihime_txt23	dummy
kerihime_tw49	dummy
kerihime_tw50	dummy
kerihime_fa49	dummy
kerihime_fa50	dummy
manbo_scheme	jp.selectbutton.manbotheworld://collaboration/nyanko1
manbo_url	https://itunes.apple.com/us/app/survive!-mola-mola!/id915222954?l=en&ls=1&mt=8
manbo_txt11	You can get special\nMola Mola gifts by playing\n"Survive! Mola Mola!"\nLaunch the "Survive!\nMola Mola!" app?
manbo_txt12	Cancel getting your\nMola Mola gift?\nIs this okay?\n*To attempt to get\ngift again after cancelling,\nclear this stage again.
manbo_txt13	No application located.\nDownload "Survive! Mola Mola!"\nfrom the app store?
manbo_txt14	Get special rewards for use in "Survive! Mola Mola"!
manbo_txt15	Launch the "Survive! Mola Mola" app?
manbo_txt16	If not installed, you will be directed to the app store page.
appstore_txt1	Disgustingly Cute Cats! Simple and easy for everyone!\nJust enter the Invitation Code after finishing stage 7 (Japan) to get a Bonus of 10,000XP!\n■Invitation Code「%@」\nLet's get ALL THE CATS!
iosver_error	Please update your iOS version.
limited_function	Currently unavailable
model_conversion2	Transfer
noapp_kakao	You need to install Kakao talk app.
noapp_line	You need to install LINE talk app.
store_url	https://itunes.apple.com/us/app/the-battle-cats/id850057092?l=en&ls=1&mt=8
url_abbr	https://ponos.s3.amazonaws.com/iphone/en/battlecats.html
img026.png	img026_en.png
img026.imgcut	img026_en.imgcut
img038.png	img038_en.png
img038.imgcut	img038_en.imgcut
ec000.png	ec000_en.png
ec000.imgcut	ec000_en.imgcut
ec001.png	ec001_en.png
ec001.imgcut	ec001_en.imgcut
ec002.png	ec002_en.png
ec002.imgcut	ec002_en.imgcut
ec003.png	ec003_en.png
ec003.imgcut	ec003_en.imgcut
ec004.png	ec004_en.png
ec004.imgcut	ec004_en.imgcut
ec005.png	ec005_en.png
ec005.imgcut	ec005_en.imgcut
ec006.png	ec006_en.png
ec006.imgcut	ec006_en.imgcut
ec007.png	ec007_en.png
ec007.imgcut	ec007_en.imgcut
ec008.png	ec008_en.png
ec008.imgcut	ec008_en.imgcut
ec009.png	ec009_en.png
ec009.imgcut	ec009_en.imgcut
ec010.png	ec010_en.png
ec010.imgcut	ec010_en.imgcut
ec011.png	ec011_en.png
ec011.imgcut	ec011_en.imgcut
ec012.png	ec012_en.png
ec012.imgcut	ec012_en.imgcut
ec013.png	ec013_en.png
ec013.imgcut	ec013_en.imgcut
ec014.png	ec014_en.png
ec014.imgcut	ec014_en.imgcut
ec015.png	ec015_en.png
ec015.imgcut	ec015_en.imgcut
ec016.png	ec016_en.png
ec016.imgcut	ec016_en.imgcut
ec017.png	ec017_en.png
ec017.imgcut	ec017_en.imgcut
ec018.png	ec018_en.png
ec018.imgcut	ec018_en.imgcut
ec019.png	ec019_en.png
ec019.imgcut	ec019_en.imgcut
ec020.png	ec020_en.png
ec020.imgcut	ec020_en.imgcut
ec021.png	ec021_en.png
ec021.imgcut	ec021_en.imgcut
ec022.png	ec022_en.png
ec022.imgcut	ec022_en.imgcut
ec023.png	ec023_en.png
ec023.imgcut	ec023_en.imgcut
ec024.png	ec024_en.png
ec024.imgcut	ec024_en.imgcut
ec025.png	ec025_en.png
ec025.imgcut	ec025_en.imgcut
ec026.png	ec026_en.png
ec026.imgcut	ec026_en.imgcut
ec027.png	ec027_en.png
ec027.imgcut	ec027_en.imgcut
ec028.png	ec028_en.png
ec028.imgcut	ec028_en.imgcut
ec029.png	ec029_en.png
ec029.imgcut	ec029_en.imgcut
ec030.png	ec030_en.png
ec030.imgcut	ec030_en.imgcut
ec031.png	ec031_en.png
ec031.imgcut	ec031_en.imgcut
ec032.png	ec032_en.png
ec032.imgcut	ec032_en.imgcut
ec033.png	ec033_en.png
ec033.imgcut	ec033_en.imgcut
ec034.png	ec034_en.png
ec034.imgcut	ec034_en.imgcut
ec035.png	ec035_en.png
ec035.imgcut	ec035_en.imgcut
ec036.png	ec036_en.png
ec036.imgcut	ec036_en.imgcut
ec037.png	ec037_en.png
ec037.imgcut	ec037_en.imgcut
ec038.png	ec038_en.png
ec038.imgcut	ec038_en.imgcut
ec039.png	ec039_en.png
ec039.imgcut	ec039_en.imgcut
ec040.png	ec040_en.png
ec040.imgcut	ec040_en.imgcut
ec041.png	ec041_en.png
ec041.imgcut	ec041_en.imgcut
ec042.png	ec042_en.png
ec042.imgcut	ec042_en.imgcut
ec043.png	ec043_en.png
ec043.imgcut	ec043_en.imgcut
ec044.png	ec044_en.png
ec044.imgcut	ec044_en.imgcut
ec045.png	ec045_en.png
ec045.imgcut	ec045_en.imgcut
ec046.png	ec046_en.png
ec046.imgcut	ec046_en.imgcut
img007.png	img007_en.png
img007.imgcut	img007_en.imgcut
img009_3.png	img009_3_en.png
img009_3.imgcut	img009_3_en.imgcut
img009_4.png	img009_4_en.png
img009_4.imgcut	img009_4_en.imgcut
img009_5.png	img009_5_en.png
img009_5.imgcut	img009_5_en.imgcut
img009_6.png	img009_6_en.png
img009_6.imgcut	img009_6_en.imgcut
img013.png	img013_en.png
img013.imgcut	img013_en.imgcut
img017.png	img017_en.png
img017.imgcut	img017_en.imgcut
img018.png	img018_en.png
img018.imgcut	img018_en.imgcut
img030.png	img030_en.png
img030.imgcut	img030_en.imgcut
img035.png	img035_en.png
img035.imgcut	img035_en.imgcut
img036.png	img036_en.png
img036.imgcut	img036_en.imgcut
img050.png	img050_en.png
img050.imgcut	img050_en.imgcut
img101.png	img101_en.png
img101.imgcut	img101_en.imgcut
img102.png	img102_en.png
img102.imgcut	img102_en.imgcut
ot000_c.png	ot000_c_en.png
ot000_c.imgcut	ot000_c_en.imgcut
ot000_o.png	ot000_o_en.png
ot000_o.imgcut	ot000_o_en.imgcut
ot001_c.png	ot001_c_en.png
ot001_c.imgcut	ot001_c_en.imgcut
ot001_o.png	ot001_o_en.png
ot001_o.imgcut	ot001_o_en.imgcut
ot002_c.png	ot002_c_en.png
ot002_c.imgcut	ot002_c_en.imgcut
ot002_o.png	ot002_o_en.png
ot002_o.imgcut	ot002_o_en.imgcut
ot003_c.png	ot003_c_en.png
ot003_c.imgcut	ot003_c_en.imgcut
ot003_o.png	ot003_o_en.png
ot003_o.imgcut	ot003_o_en.imgcut
ot004_c.png	ot004_c_en.png
ot004_c.imgcut	ot004_c_en.imgcut
ot004_o.png	ot004_o_en.png
ot004_o.imgcut	ot004_o_en.imgcut
ot005_c.png	ot005_c_en.png
ot005_c.imgcut	ot005_c_en.imgcut
ot005_o.png	ot005_o_en.png
ot005_o.imgcut	ot005_o_en.imgcut
ot006_c.png	ot006_c_en.png
ot006_c.imgcut	ot006_c_en.imgcut
ot006_o.png	ot006_o_en.png
ot006_o.imgcut	ot006_o_en.imgcut
ot007_c.png	ot007_c_en.png
ot007_c.imgcut	ot007_c_en.imgcut
ot007_o.png	ot007_o_en.png
ot007_o.imgcut	ot007_o_en.imgcut
ot008_c.png	ot008_c_en.png
ot008_c.imgcut	ot008_c_en.imgcut
ot008_o.png	ot008_o_en.png
ot008_o.imgcut	ot008_o_en.imgcut
ot009_c.png	ot009_c_en.png
ot009_c.imgcut	ot009_c_en.imgcut
ot009_o.png	ot009_o_en.png
ot009_o.imgcut	ot009_o_en.imgcut
ot010_c.png	ot010_c_en.png
ot010_c.imgcut	ot010_c_en.imgcut
ot010_o.png	ot010_o_en.png
ot010_o.imgcut	ot010_o_en.imgcut
ot011_c.png	ot011_c_en.png
ot011_c.imgcut	ot011_c_en.imgcut
000_gatya.png	i000_gatya_en.png
000_gatya.imgcut	000_gatya_en.imgcut
000_gatya_rare.png	i000_gatya_rare_en.png
000_gatya_rare.imgcut	000_gatya_rare_en.imgcut
002_bank.png	i002_bank_en.png
002_bank.imgcut	002_bank_en.imgcut
000_img013.imgcut	i000_img013_en.imgcut
003_gatya_tuika01.png	003_gatya_tuika01_en.png
003_gatya_tuika01.imgcut	003_gatya_tuika01_en.imgcut
