To challenge this|stage, you must clear|the previous map.|
To challenge this|stage, you must clear|Empire of Cats Ch. 1|
To challenge this|stage, you must clear|Empire of Cats Ch. 2|
To challenge this|stage, you must clear|Empire of Cats Ch. 3|
To challenge this|stage, you must clear|Into the Future Ch. 1|
To challenge this|stage, you must clear|Into the Future Ch. 2|
To challenge this|stage, you must clear|Into the Future Ch. 3|
To challenge this|stage, you must clear|Cats of the Cosmos Ch. 1|
＠|＠|＠|
＠|＠|＠|
＠|＠|＠|＠|＠|＠|＠|＠|＠|＠|＠|＠|＠|＠|＠|＠|＠|＠|＠|＠|＠|＠|＠|＠|＠|＠|＠|To challenge this stage|you must first clear all|nine Crazed Cat stages.|
＠|＠|＠|
＠|＠|＠|
＠|＠|＠|
＠|＠|＠|
＠|＠|＠|
To challenge this stage|you must first achieve|User Rank 1600.|
